username;password
Marnia;Bonilla
Carmela;Loeb
Tierney;Valoniah
Eve;Hunfredo
Perry;Stoller
Silvana;Jaylene
Jackie;Ailyn
Dorice;Mehalek
Esmeralda;Audly
Catharine;Tryck
Gaylene;Drisko
Lorne;Zina
Kellen;Carolin
Leontine;Rillings
Dotty;Viddah
Tressa;Zrike
Kylynn;Teddman
Allis;Prober
Ebonee;Nahum
Loree;Abram
Merry;Madelene
Malina;Joli
Konstance;Craggie
Doralynne;Raffo
Aurore;Nore
Blinni;Ilka
Lucy;Madaih
Rosaline;An
Sonni;Haerr
Farrah;Means
Rhoda;Orlene
Edee;Warthman
Kary;Zola
Melina;Ethban
Gwenneth;Donell
Collen;Gert
Ann-Marie;Jorgan
Zia;Matthew
Millie;Westphal
Millie;Clywd
Jolyn;Sisile
Angela;Lilybelle
Arlina;Sherrie
Jenda;Orpah
Susette;Septima
Nerta;Smitt
Fanny;Hollingsworth
Natka;Firmin
Lynnea;Pillsbury
Kore;Rona